tweet_text,cyberbullying_type
"@Jason_Gio meh. :P  thanks for the heads up, but not too concerned about another angry dude on twitter.",not_cyberbullying
"@Raja5aab @Quickieleaks Yes, the test of god is that good or bad or indifferent or weird or whatever, it all proves gods existence.",not_cyberbullying
Karma. I hope it bites Kat on the butt. She is just nasty. #mkr,not_cyberbullying
Rebecca Black Drops Out of School Due to Bullying:,not_cyberbullying
RT @Kurdsnews: Turkish state has killed 241 children in last 11 years http://t.co/JlvkE1epws  #news  ##Google√áeviriciTopluluƒüuK√ºrt√ßeyideE‚Ä¶,not_cyberbullying
@0xabad1dea @kelseytheodore2 twitter is basically the angry letters of our generation.,not_cyberbullying
Now I gotta walk to classss?! I officially hate the stupid bus system! -_-,not_cyberbullying
@Firebomb173 @ANDAASONSAN not the first time it's happened. That was probably the worst though.,not_cyberbullying
"The contact form on the site was bugged. Turns out that if you use a ']' in the email subject prefix, it breaks everything. silly wordpress.",not_cyberbullying
"The thing about Uber is, even if it wasn't a horrible, sexist, shitty company, I would still be against it.",not_cyberbullying
"I hope this round humbled the girls, they can't cook #MKR",not_cyberbullying
#mkr Promo girls are going to BRING IT in the next round. Yeah! Bring it! Bring your store bought capsicums!,not_cyberbullying
Fuck this paper bullshit,not_cyberbullying
Let's talk about what it means to be a victim. http://t.co/FInA7zfTTT,not_cyberbullying
You look like a gypsy. Sorry I'm not sorry.,not_cyberbullying
"Oh hey, you should be ashamed of your disgusting self. @TheMajesticPlum http://t.co/B4obsliTUg",not_cyberbullying
I'm done - won't bother with the rest of this pathetic shit show #mkr,not_cyberbullying
@SirajZarook @BilalIGhumman @OdiniaInvictus @IsraeliRegime A. I don't have a faith. B. Your tweet is incoherent.,not_cyberbullying
@Bahai144 ROFLMAO.  So all this time I've been trying to squeeze logic out of a religious nut that is as crazy as ISIS.,not_cyberbullying
"@jaredchase i kept being the last person alive AND topping damage. it's like, what. this isn't hard.",not_cyberbullying
"@CarSalesBossMan Unlike men, who can't fix cars because they can't fit their giant fucking swelled heads under them.",not_cyberbullying
The worst hoe is a hoe who can't admit she was a hoe.!,not_cyberbullying
RT @BliggiVee: Round and round we go where it stops nobody knows. How much more will this drag on?!? #MKR,not_cyberbullying
"The only thing Facebook does well, is cause shit and promote cyber bullying.",not_cyberbullying
"Mum; You need a college bad not a handbag. Me; But mommmmmmm, it's phinkkk :&lt;",not_cyberbullying
I really wish i could graduate already and go to college to get away from my siblings.... Sick of all of this!!!!!!!,not_cyberbullying
@Kaya786 @fai3an_H And I don't walk in circles around a black meteor in Mecca under the delusion that it will please god.,not_cyberbullying
@edgeofthesandbx @batchelorshow @FearDept And there have been dozens of witnesses who have seen the Russians target civilians for propaganda,not_cyberbullying
RT @peteevansnot: Seriously why wouldn't you feed #paleo formula to your newborns with TWENTY TIMES the vitamin A of breastmilk? #mkr http:‚Ä¶,not_cyberbullying
"White dude wins the Nobel for lit again, shocking, next you'll tell me his novels speak to a universal human experience",not_cyberbullying
"@Llydisblur people seem to have a really warped view of what republican even means, lately. party lines have majorly shifted. :\",not_cyberbullying
That's crap Lynn and Tony should have stayed #MKR,not_cyberbullying
"Sure is Monday! Up at 4am for work, the boss is in a bad mood, he messed up my schedule, and our DC driver ran into our dumpster!",not_cyberbullying
#MKR my guess. bottom 2 teams from each round are going back into instant restaurants. Just saying.,not_cyberbullying
@SirajZarook @BilalIGhumman @OdiniaInvictus @IsraeliRegime There is no ongoing endless occupation anywhere.,not_cyberbullying
To the extreme I rock a mic like a vandal,not_cyberbullying
"RT @nrrrdcore: At the very least, questions will be raised. And we now understand that women in our industry must choose between incompeten‚Ä¶",not_cyberbullying
When is the drag show ? #ECU,not_cyberbullying
@buellerishere I've watched the ISIS guys argue with Saudi Muslim scholars here on twitter. The scholars always loose.,not_cyberbullying
Anyone went to church services this morning?  Does your little one stay with you or go to a nursery or Sunday School class?,not_cyberbullying
Caller wanted MIKE's opinion if they r liable.,not_cyberbullying
This person thinks that ~6 people tweeting at them for being a sealioning ass is the worst thing in the world.,not_cyberbullying
"@Like_Nino remember the girl that was passed out in that wet spot, and I was like ""is that pee..or liquor?"" She was behind us in the corner",not_cyberbullying
So I see channel 7 have found another way to drag #MKR out for an extra few months this year,not_cyberbullying
@CarlyandTresne: I still can't believe that Katie and Nikki are out! Seriously... (Oops prob shouldn't say that) #mkr  totes awkward lol,not_cyberbullying
"I hope their cooking shows through the next round. I mean, they have to plate it up right? All their (lacking) skills. #MKR",not_cyberbullying
Wow...I feel so sorry for Colin having to eat what those 2 are serving! #MKR #MKR2015 #vomit,not_cyberbullying
"Michelle ( Heartless Bitch) Bachman WON'T Sign Anti-bullying law Cause She Doesn't want 2 ""turn boys in2 girls"" WTF ?@ChrisLarson82",not_cyberbullying
"Bullying linked to decreases in GPA, longer lasting negative psychological effects, and obesity. More evidence... http://t.co/UCdxYcj",not_cyberbullying
#theawkwardmoment when you make a status on facebook saying you hate bullies then a bully likes it.,not_cyberbullying
RT @girlziplocked: WTF @onthemedia @tldr? Man gets upset that women in tech are upset that said man silences women. So you take it down? ht‚Ä¶,not_cyberbullying
This is just ridiculous. #mkr Another 7 FFS.,not_cyberbullying
the fact that there are 4958239689587 cute boys in the world and 0% go to my school i am sick of this shit,not_cyberbullying
@TURBOCUNT they have some crazy flavors. wasabi? red bean?,not_cyberbullying
@ErikaLopezDurel Definitions mean jack.  Actions do.,not_cyberbullying
K! Now I see why coaches get mad when the players go out late at night. #Exhausted,not_cyberbullying
@GemmaBurnsX @_georgepumphrey my iphone is fucked it doesn't come up properly!,not_cyberbullying
@tpw_rules nothings broken. I was just driving througg a lot of water.,not_cyberbullying
One of our strongest tools in stopping violence against women is public shame of the abuser and public support of the victim.,not_cyberbullying
Wish I was with my buddies @ALLLiiXXX and @paiwai in Staunton rather than this terrible driving class! I'm not even a bad driver #granny,not_cyberbullying
#MKR time. Have a feeling that the remote may go through the TV over the next hour with these two clowns.,not_cyberbullying
Bubble and squeak for breakfast..are you mad? #mkr,not_cyberbullying
Reserve game is cancelled so that means I'm sitting on the bench the rest of the year,not_cyberbullying
"@Zillytbh @leighalexander oh shit, i accidentally blocked you. whoops.",not_cyberbullying
I hate art. It's my hardest class.,not_cyberbullying
"RT @girlziplocked: .@Jason you have no idea what ""crazy internet mob"" looks like until you've seen what @femfreq @freebsdgirl and @TheQuinn‚Ä¶",not_cyberbullying
"@jihadiA_A By people, you mean men only.  The women are clearly imprisoned in their homes.",not_cyberbullying
@LifeInKhilafah That just means that the only kinds of Europeans you will get are crazy. Other places have the brainwashed and uneducated.,not_cyberbullying
Only half a semester left üòÅüôè,not_cyberbullying
"@a_man_in_black sigh. prob w/being a public figure (which you are, like it or not) is that when you say shit like this, it causes a storm.",not_cyberbullying
"How come it is that the minute I get home, my family wind me up when I'm never annoyed like that at school? Grr #annoyingfamily",not_cyberbullying
@femfreq You cannot make this shit up. It writes itself!,not_cyberbullying
I appreciate every donation received. But ppl that threaten to pull funding if I don't say the things they want to hear can fuck themselves.,not_cyberbullying
"Can't believe he did that AGAIN. Jesus. Hey dudes? Don't do that. Not ever. Ask yourself, would I do this to a guy? No? Then fucking STOP.",not_cyberbullying
stan got this A+ last word before blocking me: Ever heard of caustic #sarcasm? Rename yourself @yesyoureaBellend Thanks Awfully *mwah!* xxx,not_cyberbullying
#HowToGetAwayWithMurder? Serve raw #Spatchcock! #MKR #MKR2015,not_cyberbullying
I don't know how some people can talk about how often they get drunk on Facebook or Twitter. #KeepItClassy,not_cyberbullying
"you call me up again just to break me like a promise, so casually cruel in the name of being honest.",not_cyberbullying
"Kat and Andre celebrating bad cooking, bad attitude and strategic scoring. Absolute champs. #hell #MKR",not_cyberbullying
My manager just killed a fucking bee in my hair....wtf,not_cyberbullying
#MKR did they even have chickens back in caveman times Pete?,not_cyberbullying
Bad bad food. Plain and simple Kat. #MKR,not_cyberbullying
"@iyad_elbaghdadi You are wrong about that. By definition, if they are really Muslims, they are terrorist.",not_cyberbullying
Accidentally numbed half my mouth. Dribbling everywhere.,not_cyberbullying
Another bloody instant restaurant week?!?! Seriously! They just jumped the shark riding two other sharks powered by shark power #MKR,not_cyberbullying
@diesel_frost but since most of the victims are women I guess you can't be arsed to give a shit about them.,not_cyberbullying
Aussie #mkr judges need to be Aussies I'm sorry ... &amp; ones who know how to comb their hair &amp; look presentable... AUSSIE contestants too pls!,not_cyberbullying
"Users want transparency in abuse systems, but there's a difficulty in this. It can allow people to game the system.",not_cyberbullying
"Dumb idea to put armed guards in schools. That would be the dumbest job on the planet. So boring, waiting to kill some crazy gunman. #dumb",not_cyberbullying
I'm thinking there is another round of instants coming  #mkr,not_cyberbullying
@chrylis @ClarkHat I've met plenty of people educated by private schools who still fail at basic grammar. ;),not_cyberbullying
It's been several years since I've contributed code. This was due to a conflict with an employer. I *asked* for my commit bit to be retired.,not_cyberbullying
"RT @_CHYnese__: Miserable Martha's , Pathetic Patty's &amp; Bullshit Becky's√∞¬ü¬ò¬Ç√∞¬ü¬ò¬Ç√∞¬ü¬ò¬Ç√∞¬ü¬ò¬Ç√∞¬ü¬ò¬Ç√∞¬ü¬§¬∑√∞¬ü¬è¬Ω√¢¬Ä¬ç√¢¬ô¬Ä√Ø¬∏¬è https://t.co/eB9QH9DyD7",not_cyberbullying
I now officially hate Kat and Andre I hope karma bites them hard. #mkr,not_cyberbullying
RT @PSogeco: Little short and to the point ISLAM Lesson's for us which are ignorant http://t.co/m4Jcka5iR0 http://t.co/GANRH4K87a via @PSog‚Ä¶,not_cyberbullying
RT @shanley: literally after months of attacks there has not been one single criticism or response leveled of my actual work. so you know.,not_cyberbullying
Ideas And Help For Victims Of Bullying:  http://t.co/C0i3iZK,not_cyberbullying
Started watching Port v Magpies but turned it off. I hate to see bullying in the workplace,not_cyberbullying
RT @Quinnae_Moon: The distorting effects of the internet make it even worse; relatively minor figures online get scrutiny normally reserved‚Ä¶,not_cyberbullying
"RT @EzidiPress: #Ezidi fighter and his daughter on Mt #Shingal | We fight for what we love, while our enemies fight because they hate http:‚Ä¶",not_cyberbullying
"&amp; make this our little secret Emotional roller coaster, the pain is almost over the Monkey is off my shoulder",not_cyberbullying
Seriously stoked the girls got through they are pretty and can cook....they are promo models and sassy  #MKR,not_cyberbullying
If you tell me to get one of those weird hexa things i will never talk to you again.,not_cyberbullying
"So small national service I go do wey I dey go thru hell, ahhhh wey screening too am tired koraa",not_cyberbullying
"#YesAllWomen are not going to just ""let it go."" There are countless women who are killed every day in single numbers who are forgotten.",not_cyberbullying
@pwafork it is awful Come Dine With Me because no one gets drunk on #mkr!,not_cyberbullying
RT @femfreq: Let me spell it out. It is deeply misogynist to propagate wild conspiracy theories suggesting women in gaming fake death or ra‚Ä¶,not_cyberbullying
Kat the contradictory cow. Says she regrets voting strategically but does it again #mkr #mkr2015,not_cyberbullying
Rico so mad that I don't get off til 7 üòèüòèüòè,not_cyberbullying
@shehzilk @watan71969 At least Churchill got it right. http://t.co/Bjgk9PdUUO,not_cyberbullying
"holy shit, i'd rather commit suicide than get bullied by @Laurennicoolee....",not_cyberbullying
if you don't know about the old old old school songs something is wrong.,not_cyberbullying
"RT @gater_ebooks: You Big Government, anti-freedom fucks are why I am in favour of fat shaming",not_cyberbullying
@truaemusic Now you are drowning in self destructive PC stupidity. Conversation over. Blocked.,not_cyberbullying
@rConflictNews @HaraldDoornbos What is even more disturbing is the number of people who want to watch.,not_cyberbullying
Im so pissed off i fucking hate everything and everyone,not_cyberbullying
"Really, really curious to see what happens with this.",not_cyberbullying
"@MartinSenyszak you can have three errors, known errors, unknown errors and unknown unknown errors",not_cyberbullying
God another fucking instant restaurant round #mkr,not_cyberbullying
"@sudixitca @egypt_speaks Unfortunately, Russia is a source of terror. All those Chechens in E. Ukraine are not there for humanitarian reason",not_cyberbullying
"Caught @FishyKissy sprawled on his side, chewing on his bully bone like a lazy bum. Then he noticed me...",not_cyberbullying
Surley not another round of instant restaurants?!??! #MKR,not_cyberbullying
Kat and Andre you need to go! #rude #elimination #MKR @MKR_Official #katandandre,not_cyberbullying
"@TristanParrish I find more impactful talks are based around a story, but it's a tough balance.",not_cyberbullying
im cold i wish i had a bf to give me a sweatshirt but hahahaha yeah right,not_cyberbullying
@OHLANDmusic I would say me but that's egotistical so let's go with danger mouse or childish gambino,not_cyberbullying
Niggas wanna fight after school and shit,not_cyberbullying
Ahhh my arms numb,not_cyberbullying
RT @TopNewsA1: Synagogue Shooting Victim Dies; Copenhagen on Edge http://t.co/eNdRw2kUmk,not_cyberbullying
I don't remember half of these ppl #mkr,not_cyberbullying
@andykhouri mad props to @comicsalliance. Well done.,not_cyberbullying
Curious as to what GamerGate finds more offensive: that I'm overweight or that I'm completely unapologetic &amp; unashamed of it?,not_cyberbullying
"I'm sorry but I'm not watching another round. This is getting beyond ridiculous. When you actually get people who can cook, let me know #MKR",not_cyberbullying
"@ShavaneBandoo mi either, but them claim seh they don't want me to get a lazy attitude towards school",not_cyberbullying
RT @narryyymate: Drasko and Steve are trying to impress Collin so bad #MKR,not_cyberbullying
just took out my quixkweave and my hair has grown so thick . i'm scared to comb it,not_cyberbullying
Oh it's sas that keeps them in the competition. I thought it was cooking... silly me #MKR,not_cyberbullying
@Safya77 The Daesh are so scared and helpless that all they have left is a propaganda campaign of lies.,not_cyberbullying
"I don't like the butcher girls but Kat &amp; Andre are dirty players, cheats and can't cook!!! #mkr #howthehelldidtheygetonthisshow",not_cyberbullying
@mykitchenrules @Krillany: Am I the only one out there hoping these two fail hard? :p #MKR,not_cyberbullying
About to get this wig snatched today √∞¬ü¬§¬ó I need a hair cut so bad √∞¬ü¬ò¬©,not_cyberbullying
@ThatSabineGirl I am confused by the idea of inflicting obesity on others. Is that like force feeding Doritos?,not_cyberbullying
"@ThelmaSleaze I did not mean disadvantage, because women do have body advantages in some sports (flexibility, size, etc.).",not_cyberbullying
Is it a pony?! Oh fuck off.,not_cyberbullying
I don't fuck with squares now do that mean I'm out of shape##3Hunna,not_cyberbullying
People getting all mad at Racists Getting Fired is my favorite mouse squeak of white supremacy,not_cyberbullying
I can't handle another round of this crap #mkr,not_cyberbullying
Now playing: Wooly Bully by Sam The Sham & The Pharaohs  #nowplaying,not_cyberbullying
Kat and Andre scored strategically just so stay in the bloody competition. SO UNFAIR! #katandandre #mkr #katieandnikki,not_cyberbullying
Colin u r kidding - you are so lame - those comments were so made up #mkr,not_cyberbullying
@TruthsJustice @johnnygjokaj @BilalIGhumman @98Halima @cdnKhadija @rfrankh53 Another conspiracy theory idiot with no data.,not_cyberbullying
Can Kat and Andre shut the fuck up like how selfish are you #MKR,not_cyberbullying
In need of a job badly smh !,not_cyberbullying
@Weeezza you must have been drunk five minutes into #MKR2015 #MKR,not_cyberbullying
I got to be more active on twitter in fact I'm going to be more active,not_cyberbullying
[16] This kitchen invention takes away the worst thing about peeling fruit #realtime https://t.co/RJtBZp4cNA https://t.co/LJvyHP0n6u,not_cyberbullying
@KarkinosBC True. And there is no real attack.  Just some haphazard ineffective long range shelling. It will disappear with the A10s arrival,not_cyberbullying
I can't stand a bully. Miserable bastards.,not_cyberbullying
@mutaSawwif @TawheedNetwork_ Horse shit. The Quran says that apostacy is not accepted. Multiple Hadiths say apostates must be killed.,not_cyberbullying
@rkp12588 @DaveGreene11 You only give half a fuck about sweatshop labor when it's a derail. Bye!,not_cyberbullying
@GidgitVonLaRue You're not wrong! Can't wait for their comeuppance. #MKR,not_cyberbullying
#mkr Goodbye. Can't stand to watch those two (words fail me) again! That was not cooking.,not_cyberbullying
"@MyKeyMoonShine @Grummz as gamergate has repeatedly proven, linking a URL doesn't mean shit for comprehension. &lt;3",not_cyberbullying
"@australiacamper Yep, same. But it's also wrong of #Mkr to let them get away with it. #mkr2015",not_cyberbullying
"RT @GwenTakagawa: ""Women feel guilty when they are attacked"" @freebsdgirl - scary but true, and not just in tech.",not_cyberbullying
@SuzieZUMO i seriously only see white.,not_cyberbullying
RT @NanoElle92: I hope Lynn &amp; Tony are saved. These girls are terrible cooks #MKR #MKR2015,not_cyberbullying
That Queensland cunt in the hat reminds me of Brian Blessed if he was the most boring man on planet earth #mkr,not_cyberbullying
"@0xabad1dea unless you are the help desk person I am talking to, it is unlikely. I've been doing obscene things to ruby all evening.",not_cyberbullying
BULLSHIT. how the fuck do they stay. how the fuck did they get away with that bullshit. ugh no. sore winners too. üôÖüôÖüôÖüôÖüôÖ #mkr,not_cyberbullying
"We havent seen Elliott in about 2 years and my boy is comin to delco in one week, lets fucking go!!!!!",not_cyberbullying
RT @rgay: I must say @twitter is useless in terms of dealing with harassment. You block and report and they tell you that they won't do any‚Ä¶,not_cyberbullying
Argh. All of these contestants are so frustratingly annoying #MKR,not_cyberbullying
RT @thetrudz: Because anyone else would've at least answered Lauren's questions or say they'd look into the critiques of Ensler's work.,not_cyberbullying
"@halalflaws @greenlinerzjm @biebervalue The problem is that they are forced to wear it, microbrain. http://t.co/b1AJGn141J",not_cyberbullying
@Animecommentary everyone is awkward. :P  most people think they are most awkward than they really are. you're fine.,not_cyberbullying
Fuck off I can't watch another round #mkr,not_cyberbullying
@LifeInKhilafah This is life in the Khalifa. An orgy of murder and celebration of killing in the most gruesome way. http://t.co/m4oCmDH3BR,not_cyberbullying
"@zeynep @twitter @delbius omg, is that what happened? i keep hitting the wrong button.",not_cyberbullying
School Days HQ marathon last night exhausted me,not_cyberbullying
@Nick_d_Williams I know Putin. Why would I spend 5 seconds looking at his propaganda?,not_cyberbullying
"So please take your accusations of ""WHY AREN'T YOU PROSECUTING, EVIL ANTIGG SCUM"" and go educate yourself. @PendragonTarot",not_cyberbullying
Watching people like @GMShivers further FYGM culture. That's... unfortunate.,not_cyberbullying
@anglekaitlyn13 just pick either green purple or black! are you going to do it before back to school?,not_cyberbullying
@LifeInKhilafah Salahuddin was a Kurd and decent general - just fighting for a bad cause.,not_cyberbullying
@CALMicC wary isn't the same thing as condemnation. :),not_cyberbullying
"If I can't talk to random strange women, how will I ever date!? is like ""if I can't talk to random strange men, how will I make friends!?""",not_cyberbullying
Im gunna have some cray abs by the time im done being sick #sickpeopleporbz #coughing,not_cyberbullying
Kat &amp; Andre have the worst sportsmanship. Genuinely hope they don't do well purely because of how bitter they are. #mkr,not_cyberbullying
"@WithTrish @JRehling Look, if you don't know anything about Islam, then don't waste my time.",not_cyberbullying
Why don't you just give them a 0 and shut the fuck up #mkr,not_cyberbullying
@busywriting Is it fantasy to think Hillary would be knocking heads together and using the power of the bully pulpit to expose R bad faith?,not_cyberbullying
"Lucky Adam isn't involved in this challenge, he'd hate the thought of feeding children #mkr",not_cyberbullying
Why do teams look shocked when they announce the final score will be revealed at a different location? Haven't they watched #mkr before?,not_cyberbullying
I feel like the percentage of people that I hang out with at school is fake,not_cyberbullying
Bully: your stupid  victim: u just punched me in the feelings :(,not_cyberbullying
"RT @finicalgal: Basically the #MKR ""twists"" are a series of annoying ways to extend this season.",not_cyberbullying
"Because if Elliot Rodger had killed just ONE woman who had rejected him for a date, it would not be national news. #YesAllWomen",not_cyberbullying
RT @connollyisking: @YesYoureSexist To judge me as a parent.... I feel sorry for you. I'm merely pointing out that the physical confrontati‚Ä¶,not_cyberbullying
"@sibbysoyabean oh, that weird RT?",not_cyberbullying
Uncooked egg....üò∑ vomit,not_cyberbullying
@davidsgallant it could go either way. I'm not very predictable.,not_cyberbullying
"Honestly fucking dudes think sports have the most complicated, important sets of rules on the planet. Try neuroscience, geniuses.",not_cyberbullying
"Read my response to ""Pass this on to ask your followers if you believe bullying is wrong. If not, then I feel sorr‚Ä¶"": http://4ms.me/mScY6L",not_cyberbullying
guess who I am: WE HATE STRATEGIC SCORING BUT WE GIVE THEM A 1 #mkr,not_cyberbullying
"#WhenIWas13 there was no spell check, texting, or cyber bullying. And we called each other from our hard wired home phones.",not_cyberbullying
bully ray of impact wrestling worst style ever,not_cyberbullying
RT @_marisajane: Another round of instant restaurants? Are you serious #MKR? Yawn...,not_cyberbullying
"Tough words, Pete, from someone whose Paleo Cook Book for babies was just pulled due to the possibility of under-nourished babies. #MKR",not_cyberbullying
@Richdolarz keep comin at @AYEVERB  so he can get some views i hate a nigga dat try to get on dat bully shit to make they self look good,not_cyberbullying
"@Spacekatgal yo, we should use this. Maybe I should say I dislike your game?",not_cyberbullying
im closing my wells fargo account and going no-bank for a while because this is just fucking stupid,not_cyberbullying
I'd send that deconstructed shit back #mkr,not_cyberbullying
Ed sheeran give me love.... Fucking #class ‚ù§,not_cyberbullying
RT @oohnicoleee: I'm smiling like a retard rn wth. √∞¬ü¬ô¬Ñ https://t.co/qb7nCpKxUa,not_cyberbullying
"Every time I meet with a journalist that is about to post something that is going to make GamerGate angry, I suggest using #ggautoblocker.",not_cyberbullying
@vijay_fansclub  Iam waiting for that for a long time.They are showing saravanan meenatchi serial.,not_cyberbullying
@LJWebb5 @mattbeck27 I believe I'm entitled to my equal rights and insist I get at least one!,not_cyberbullying
"Look, I don't care about your photoshops, or your computers, or your wizardry. The earth isn't flat and #TheDress is white and gold.",not_cyberbullying
@jncatron @PFLP_ps Less than 1% of Muslims are killed by Israelis.  More than 90% are killed by other Muslims. So what does this bigot want?,not_cyberbullying
Never be bullied into silence. Never allow yourself to be made a victim. Accept no one's definition of your life.,not_cyberbullying
"RT @jaackkieeee_: I'll ""@"" them but they too lame , don't even have a twitter @x_redsid you know √∞¬ü¬ò¬Ç , grown ass woman !! √∞¬ü¬ò¬≠ https://t.co/sdWM√¢¬Ä¬¶",not_cyberbullying
"Even worse, the media thinks he's an ally. They keep letting him speak for us, and it has to stop. #stopwadhwa2015",not_cyberbullying
This is what innovation looks like. Horrible organization. Proprietary standards like AZW that have a substantial lack in metadata fields.,not_cyberbullying
@LifeInKhilafah Those are ISIS guns pointing at that baby.  And murdering someone for the way they were born is sick like your Islam.,not_cyberbullying
@Bawsladi outside the school?? Pretty expensive too.,not_cyberbullying
'Friday' Singer Rebecca Black to Be Homeschooled After Verbal Bullying - FoxNews.com: http://goo.gl/k0QGS #rebeccablack #homeschool,not_cyberbullying
Just hopped on the struggle bus. Gonna be a long day #collegelife,not_cyberbullying
"@BrownBagPantry I get where you are coming from, and it's annoying, to be sure. But it's not considered harassment under Twitter's ToS.",not_cyberbullying
@LifeInKhilafah There are a few Kurds who betrayed their people and joined the Daesh criminals. And a few stayed and live in fear.,not_cyberbullying
"Yeah, I get threats. And it means I have to be cautious. But really, I'm crazy enough to think I'm unbreakable, which is why this works.",not_cyberbullying
RT @MailOnline: The Nazi death gas so horrific even Hitler feared using it https://t.co/RkDqpDRMVB,not_cyberbullying
Thanksgiving drinking games #classic half the table has no idea whats going on,not_cyberbullying
"@nikeenan ""everybody does it"" is not an excuse for oppressive behavior",not_cyberbullying
RT @wilkieii: The @InnovatingWomen account is literally @wadhwa retweeting himself talking for women in tech. Seriously. Look at it. #StopW‚Ä¶,not_cyberbullying
@stephenlautens @Malek_Ason So does it mean he has to stay in his house and be beaten? No? Then shut up. http://t.co/7sIZ1pC67c,not_cyberbullying
"@a_man_in_black a figurative storm of shit - a shitstorm, if you will - that is now causing people to get harassed.",not_cyberbullying
oops. Sorry for the belated content warning on that. They posted some gore so their targets wouldn't distribute the URLs. Guess that failed.,not_cyberbullying
I HATEEE When Ppl Think They Know Music &amp; They Only Know Songs!,not_cyberbullying
"@FreeMuslim222 After murdering Shia, Yezidi, Kurd and Christian children, Daesh try to use children for propaganda.  Sickening.",not_cyberbullying
"@MetroidThief for victims of abuse, it's often not discussed because of a feeling of shame. victim assumes fault, then public assigns blame.",not_cyberbullying
"Tickling me is dangerous, I literally will accidentally punch the person in the face.",not_cyberbullying
6 Italian scientists given jail terms for misleading statement before 2009 L'Aquila quake that killed 309,not_cyberbullying
"So I implore you to not support any of her projects. If you've already contributed towards her book, pull out. This is horrible.",not_cyberbullying
@TawheedNetwork_ @mutaSawwif And Sharia says apostates must be killed.,not_cyberbullying
At least I have a canceled class so I can finish my math,not_cyberbullying
Twitter always ruins shows like #MKR and #ImACelebrityAU because I'm behind time :( #feelingsad http://t.co/mVxgJ5ca5H,not_cyberbullying
RT @tokyoDiamond___: boring ass Saturday √∞¬ü¬§¬¶√∞¬ü¬è¬Ω√¢¬Ä¬ç√¢¬ô¬Ä√Ø¬∏¬è #di,not_cyberbullying
"i was in school bout woozy ass hell , my teachers knew something was wrong with me , Im sick af men forreal &gt;&gt;&gt;&gt;&gt;&gt;&gt;&gt;&gt;&gt;&gt;&gt;&gt;&gt;",not_cyberbullying
"@allieemorse i really didn't mean to dig on anyone in a horrible way. I thought it was just a bit of snow, honestly. :\",not_cyberbullying
Confused as to why it‚Äôs 100 degrees in this classroom,not_cyberbullying
@06JAnk @PatrickOsgood Erdogan is behind Turkish terrorism.  Wants to blame Gulen and use it as an excuse for more fascism.,not_cyberbullying
Get some more fucking teams why doncha? #mkr,not_cyberbullying
"3 teams i hate got crap reviews, :D now 2 are going to sudden death. Whoever leaves either way i'll be happy #MKR",not_cyberbullying
RT @Popehat: Today's goal: get G'Gater to urge use of Logan Act against dissenters on grounds that @femfreq is a foreign government. Diffic‚Ä¶,not_cyberbullying
"RT @SkyeLittlejohn: As of tonight, I am officially finished with this show. I've seen plenty of bullshit before, but this is ridiculous. #M‚Ä¶",not_cyberbullying
#MKR They think dessert will go down well? I think it'll come up just as well but more violently,not_cyberbullying
RT @AusTracey: Lazy person's menu tonight #MKR,not_cyberbullying
They look raw! How can they think that is cooked?? #MKR,not_cyberbullying
"@erinmcunningham It probably is silly, but I doubt that the WHO has the resources in Mosul to know.",not_cyberbullying
#SFGiants what's the weather look like in SF for #Game7,not_cyberbullying
"GamerGate is trying to do damage control, hard. I don't think they realize that there's nothing left for them to salvage.",not_cyberbullying
This is not legal advice. but common sense. What I can do is help people know what to say to police or help find a lawyer. @PendragonTarot,not_cyberbullying
Appalling behaviour by Kat and Andre. Hope the sour grapes sting on the way out #mkr #kat,not_cyberbullying
Alicia has just given a shit about bullying & Animal abuse. Give a Shit at Give-a-Shit.org,not_cyberbullying
"@shereeny @caulkthewagon she assumed I was *lying* when I said I didn't know, and that's ridiculous. I've been busy the past week.",not_cyberbullying
"RT @bronny25: Kat&amp;Andre Monday: ""People have voted strategically, how rude!!"" Kat&amp;Andre tonight: Votes strategically for the third time in ‚Ä¶",not_cyberbullying
"@NoZzzander Eddie Izzard is a man, sorry that he doesn't fit the only narrow gender binary your feeble brain can process",not_cyberbullying
I just want to see people who can cook. Not the worst of the worst cook badly again #MKR,not_cyberbullying
@kencf0618 asking people to read some of the shit they've received and provide a video of themselves doing so is no small thing.,not_cyberbullying
RT @yave145: ISIS terrorists recently killed by YPG in Kobane countryside #TwitterKurds http://t.co/PxbTrR07fl,not_cyberbullying
I think that last tweet got confused because I started laughing halfway through it.,not_cyberbullying
You know our society sucks when people make you feel so bad that you don't even wanna go to school..dreading Wednesday :/,not_cyberbullying
"Teams deserve an Oscar for their performance tonight in ""Holy Shit this is a terrible meal but I'll pretend to love it. #MKR #killerblondes",not_cyberbullying
Kat &amp; Andre you ONLY got through tonight because of your scoring. Why smile? Means u can't cook u have to cheat. Sad. #mkr,not_cyberbullying
#MKR someone should have served chicken liver blended baby food. Guaranteed a 10 right there,not_cyberbullying
"In the past 12h, @spacekatgal is seeing the most targeted abuse, with 194 (36 OC/158 RT) GG hashtaged tweets mentioning her. Congrats!",not_cyberbullying
RT @Kimreneespokes: If Kat &amp; Andre I hope they get kicked out of #MKR They are so horrible. It's not editing you are just horrid.,not_cyberbullying
But I won't the bloody blondes to stay.,not_cyberbullying
"Surveys Show That  77%  of students are bullied mentally, verbally, & physically. #LetsEndALLBullying",not_cyberbullying
 Never be bullied into silence. Never allow yourself to be made a victim. Accept no one's definition of your life; define yourself.,not_cyberbullying
@KaitlynBurnell i'm a little concerned. the tweet still exists. i see no retraction published.,not_cyberbullying
@PaddyGoodall 1 works for the prep school and the other I played hockey with. You need to sort your life out and do some serious studying,not_cyberbullying
Rebecca Black Left School Because of Bullying:,not_cyberbullying
@beardyblue it's a long winding story. :P,not_cyberbullying
"@MisGrace @GBabeuf @RJennromao @DavidJo52951945 @Novorossiyan @gbazov @NewsCoverUp @rougek68 Russia, all media controlled by criminal Putin.",not_cyberbullying
"The absolute definition of privilege is being blind to the fact that you feel your bland, oppressive notions are ""radical""",not_cyberbullying
I'm staring at that bowl cursing myself for leaving engineering and going into NPO which does not allow me to purchase ridiculous things.,not_cyberbullying
RT @Rjrasva: Turkey going as expected: http://t.co/MhmtSaJu5f - Another e.g. of how secularism fares vs Islam,not_cyberbullying
"‚Äú@choux_choux: These two cuties are watching #MKR with me tonight üòÅ‚úåÔ∏è http://t.co/VN2E3W3Crq‚Äù Me, on the right, watching the morons &lt;grrr&gt;",not_cyberbullying
"Really can't stand Kat &amp; Andre, terrible cooks but good whingers &amp; moaners. #eliminatethem #exposethem #cantcook #MKR",not_cyberbullying
"@GidgitVonLaRue exactly, how the hell do you fuck up breakfast üò±üôàüôÄüíâ #mkr",not_cyberbullying
RT @DicleHaberAjans: 10 more Daesh gangs killed in Shengal http://t.co/ICluLnKFbT http://t.co/UDQljt2XMV,not_cyberbullying
man driving classes are boring!!,not_cyberbullying
"Stop using twitter for cyber-bullying! Your bad words abt ppl works and perspective are bully!  You judge, cuz u (cont) http://tl.gd/c7apuj",not_cyberbullying
"School matters are very slowly creeping back to the forefront of my mind again, but...IT'S STILL CHRISTMAS...must..not..look..yet...",not_cyberbullying
"u need people like me so u can point ur fingers at and say hey ""That's the BAD GUY!!""",not_cyberbullying
@RT_com I guess the Saudis are almost as absurd as some of the stuff RT publishes.,not_cyberbullying
I forgot how annoying Drasko is üò°üî´#mkr2015 #mkr,not_cyberbullying
Cant believe they haven't put out one gozleme. Epic fail. #mkr #sad,not_cyberbullying
RT @lennyfinnegan2: @YesYoureSexist it looks like somebody made this pointless account to get thrills out of telling complete strangers the‚Ä¶,not_cyberbullying
I've been reassuring him and the family that it's okay - losing a dog would have been devastating to that family.,not_cyberbullying
"@macstein no jor, I bully –é‚ò∫Œ∞ in a subtle way, leave d details to me",not_cyberbullying
"Calling for more sexism against women in a field because they call out sexism in that field is blowing my fucking mind right now,",not_cyberbullying
"Combating online harassment doesn't mean jerks won't exist. Everyone is a jerk, sometimes. But you shouldn't ever be afraid.",not_cyberbullying
Pause in horror as you realize the harsh reality of that statement.,not_cyberbullying
Edgy means u get 2 complain about how persecuted you are for saying horrible things while u continue 2 face no consequences 4 saying them.,not_cyberbullying
Kat/andre breakfast looks raw #MKR,not_cyberbullying
@MercedesAMGF1 @F1 It's getting so boring some of the camera crews have resorted to bird watching! XDDDD,not_cyberbullying
A bully van comes and see one black boy on the road hooded up (ME) and they reversed and kicked,not_cyberbullying
So Brandy been killing shit.. I'm so tempted to actually buy her album..,not_cyberbullying
"#mkr Standby for 200 people becoming sick from the dodgy eggs, bad hollandaise and stupid puns",not_cyberbullying
@NetTxt doesn't work that way. Sorry to disappoint you. No one cares what you want.,not_cyberbullying
@urgedharry @nyazpolitics @greenlinerzjm Then why doesn't she know that her prophet called women stupid and corrupt.,not_cyberbullying
#mkr‚Äù Fuck &amp; shit would be my choice.,not_cyberbullying
RT @fredwimpy: Hollywood Moron of the Day #tcot #2A LIAM NEESON ON PARIS ATTACK: US GUN OWNERSHIP ‚ÄòA [BLEEPING] DISGRACE‚Äô http://t.co/iZtgY‚Ä¶,not_cyberbullying
Just driven past my old school and the girls were out doing cross country in their P.E. skirts and t-shirts! #cold #rememberthosedays,not_cyberbullying
Now that was a goal made in previous #Liverpool era #StevieGTouchOffClass,not_cyberbullying
RT @john_rosato: #mkr heading into 2017 with another instant restaurant round,not_cyberbullying
"RT @AmyMunce: #MKR maybe you girls should go back to cutting up cows and pigs, don't quit your day job!! @mykitchenrules",not_cyberbullying
"@halalflaws @biebervalue @greenlinerzjm Again, you present your Imam's propaganda. You have no Hadiths or verses.",not_cyberbullying
"Words have different impact depending on power. How is this a hard concept? @j0shoooa And just to clarify, whores can be guys too #notsexist",not_cyberbullying
Fuck this class. Fuck school period. I just wanna play ball.,not_cyberbullying
And so we say goodbye to the little butcher girls #mkr,not_cyberbullying
@jacquard612 @Loveussr It's obvious that this guy is one of Putin's paid propaganda trolls. I can't find a tweet of his that's not a lie.,not_cyberbullying
"At least MSM manages to do basic fact checking, like not confusing @ggautoblocker with @theblockbot :P",not_cyberbullying
"The last time I saw that much blood on the table, I was watching Alien. #mkr",not_cyberbullying
RT @dnyree: #BlackLivesMatter #BlackoutFriday If you're tired of waking up to news that another Black life has been ended at... http://t.co‚Ä¶,not_cyberbullying
"RT @tnwhiskeywoman: I once had a bf make a statement about himself &amp; when I agreed with it, he said I was wrong. #BanMen",not_cyberbullying
"every highschool game i go too , im blunted",not_cyberbullying
I had a horrible dream last night :( getting bullied is a horrible thing!!,not_cyberbullying
"can't even chain smoke my anxiety/stress away cuz i'm sick. the world is a cruel, cruel place.",not_cyberbullying
Annie and Lloyd WORST dish of the day if you ask me #MKR,not_cyberbullying
"Please, PLEASE start using ""is your discernment blunted by steroids"" to mean ""are you on DRUGS?"" from now on. DEAD",not_cyberbullying
Motorist picks the wrong cyclist to bully http://bit.ly/jLFAmv via @Wash_cycle @StreetsblogNet,not_cyberbullying
I worry about this all of the time.   If the Nazis turn away from him it might not be as bad as I fear it will be.√¢¬Ä¬¶ https://t.co/BTmeimEEMQ,not_cyberbullying
hhahah I did some stupid shit in high school #laughingatmyself,not_cyberbullying
Another instant restaurant round!!! FFS are you kidding! I am done with this show #MKR,not_cyberbullying
@waffle_gurl So you decide if they are true or false based on if you like them or not.  It means you don't accept evidence. Bye.,not_cyberbullying
Forgot how annoying annie is. This is what happens when the series goes for ten years  #mkr,not_cyberbullying
RT @realtimwilliams: Congrats John Travolta... You single handidly creeped out the #Oscars2015 http://t.co/GbD1ivA1xz,not_cyberbullying
"I kno there will B hard times, we'll hve ups &amp; downs. We'll cry &amp; fight. We'll have test after test bt IM READY 2 TAKE THIS CHANCE IF U R!!",not_cyberbullying
@mykitchenrules My crap tastes better than the shit Kat &amp; Andre served up. I wouldn't feed it to a dead cat. #villans #cheats #mkr #mkr2015,not_cyberbullying
"@Krynis yeah, I needed something that mounted directly to my desk. I get bored and move furniture sometimes. :)",not_cyberbullying
He stated in the past that people had bought him followers to try to get his account in trouble.,not_cyberbullying
It is called CRACKLING! Stop being pretentious &amp; calling it crackle. #MKR,not_cyberbullying
I'm bout to spark my j fuck crying I'm over the bull shit,not_cyberbullying
"It is a *really bad thing* that now I know blackmilk swims fit well and are super comfy. Really, really bad.",not_cyberbullying
‚ÄúThere is a secret element that we‚Äôve decided to add to this dish: thrush‚Äù #MKR,not_cyberbullying
Things I am not scared of: Whiny manbabies. A lot of twitter mentions. Public speaking. Perl. Standing up for those that are afraid. FEELS.,not_cyberbullying
If someone heard mine and Macie's convo in Applebees they'd think we were idiots √∞¬ü¬ò¬Ç√∞¬ü¬ò¬Ç√∞¬ü¬ò¬Ç,not_cyberbullying
"@ChrisWarcraft HOW THE FUCK DO YOU PRONOUNCE YOUR LAST NAME I am assuming it is ""Warcraft""",not_cyberbullying
"woke up,felt ill told my mum I wasn't going school and jumped into bed!üòçbest day ever!",not_cyberbullying
"@Vent_Oh your caveat that ""it's not cool when men do it either"" is a false equivalence. Those statements have unequal weights.",not_cyberbullying
High achieving #Latinos who don't conform to stereotypes are vulnerable to the effect #bullying has on grades.  http://t.co/vqbp1cX,not_cyberbullying
"@iransera @AJEnglish Yeah, we hate this kind of Islamophobia. http://t.co/13lvvBDXHE",not_cyberbullying
"RT @EvvyKube: @freebsdgirl One thing that bothers me about it is the fact that despite hundreds of women writing on the subject, a man beco‚Ä¶",not_cyberbullying
Are they on something? Seriously they must be huffing #MKR,not_cyberbullying
RT @infosec_Hulk: @freebsdgirl MY SKIN GREEN. NO COLORS SUIT. ONLY WEAR RIPPED PANTS BECAUSE HULK NEED NO CLOTHES!,not_cyberbullying
"seriously though, a FOURTH instant restaurant round... üò¥üòì #MKR",not_cyberbullying
"whoever decided that this was an appropriate temperature for this building should take a week off, and then quit #bad #decision #mondays",not_cyberbullying
Let's not forget that the person that started these rumblings about my code got fired from Zynga for being impossible to work with.,not_cyberbullying
"Hate when people say ""im not a bully"" lemme define bully- is someone who causes physical or verbal harm on someone #Idiots",not_cyberbullying
@Bahai144 How would you know? You would'nt recognize logic if it fell on you. Only a total idiot would support one sided Pacificim.,not_cyberbullying
I feel bad for some of you hoes mamas! They did not raise u to be the hoe you are today!! √∞¬ü¬§¬¶√∞¬ü¬è¬æ√¢¬Ä¬ç√¢¬ô¬Ä√Ø¬∏¬è,not_cyberbullying
RT @zellieimani: The recent shooting in Berkeley is not an isolated event. A Black person is killed every 28 hours. It's right on schedule.‚Ä¶,not_cyberbullying
Deconstructed lemon tart. Basically a pile of crap on a plate #MKR http://t.co/7sYHPCwa8f,not_cyberbullying
RT @Newsarama: MARK HAMILL Becomes HAN SOLO For STAR WARS BAD LIP READING,not_cyberbullying
My pillows are super cold üòí,not_cyberbullying
RT @gerfingerpoken: Americans Prefer #AmericanSniper Over Obama Empty Chair http://t.co/p3ByZARaG4 ‚Ä¶ #IBDeditorials via @IBDinvestors - htt‚Ä¶,not_cyberbullying
@chilblane yay. i went last year and had to make new friends. i hate making new friends. i didn't know anyone else going.,not_cyberbullying
Anger over bullying at work talks: A ROW has erupted between Central Beds Council (CBC) and workers‚Äô union GMB a... http://bit.ly/quVhWD,not_cyberbullying
School is fucking boring üëé,not_cyberbullying
Last time I saw something this chaotic ...(long pause) .. Somebody ran into a beehive #MKR,not_cyberbullying
Kat and Andre are the worst #MKR,not_cyberbullying
South shields mags are running a bus to the Liverpool away game. Give me a shout on here if interested @NufcAwayDays @nufcbuzztap,not_cyberbullying
"Either females having babies,gettin ass shots,or in the gym gettin they bodies hard as fuck like a nigga.. Ion want no hard body chick",not_cyberbullying
"Deconstructed is to food what ""shabby chic"" is to decor. In other words, an excuse for a whole bunch of random shit thrown together. #MKR",not_cyberbullying
"#mkr Colin is whinging about TOO MUCH PANCAKES?! Well, I hate unicorns.",not_cyberbullying
"I do hate how expensive bus tickets are with a burning passion, I don't even understand why the hell they're so pricy?!",not_cyberbullying
"@mcat_eebooks i've given a lot of tech talks in the past. this one isn't really so technical, more community. :P",not_cyberbullying
"Ripped off! Poor girls, that's ridiculous! #mkr",not_cyberbullying
"I need to finish my college apps, but I'm so lazy to do it.",not_cyberbullying
"RT @finicalgal: Bianca is ""feeling sick"". She tried the baked Greek eggs. #MKR",not_cyberbullying
"@W55YTE haha cheers, what's wrong with a pinkspotted plate like? Aye a know we have to go all out tomorrow, of course #KilliePie's are class",not_cyberbullying
I wish you understood how bad I felt and how sorry I truly am.,not_cyberbullying
Kat and Andre need to fuck off #MKR,not_cyberbullying
Collin admits that he is easily confused by a sausage. #MKR,not_cyberbullying
Ain't stressing shit just cooling,not_cyberbullying
"RT @estherarmah: In 4 days: Tanesha Anderson - 37 yrs old; Tamir E Rice - 12 yrs old, Akai Gurley - 28 yrs old. All black. All dead. All ki‚Ä¶",not_cyberbullying
RT @MikeBigby: What's the deal with Lemons and Melons? Is it like a Wario / Mario thing like lemon is melon's evil twin or wat,not_cyberbullying
&lt;------- is N O T drugg free .. fuck that shittt! : ) #ifeellikeitsfine,not_cyberbullying
So this season of #MKR is going to finish in which decade? Such a drag,not_cyberbullying
"@ashleylynch I'll keep that in mind. :) At some point, I could see it going there - but not on our roadmap for at least 9-12 months.",not_cyberbullying
"Call me crazy, but I like my food constructed. I wouldn't pay for a build it yourself dessert #MKR",not_cyberbullying
"RT @softsurv: Because seriously, trolling or not, all it takes is one legitimate resident of Crazytown. @freebsdgirl @Spacekatgal @TheQuinn‚Ä¶",not_cyberbullying
I'm optimistic. This isn't the end game. Twitter's announcement was a single step in a long path in mitigating abuse problems.,not_cyberbullying
@ctp I've worked with a lot of abused dogs in the past. Used to do a lot of work training w/anxiety &amp; behavioral issues.,not_cyberbullying
Too. Much. Pause. For. Effect. Pete. Evans. Just annoying....not dramatic. #MKR2015 #MKR,not_cyberbullying
sitting here crying watching #cyberbully lol im pathetic #judgeme,not_cyberbullying
@halalflaws @biebervalue @greenlinerzjm Some lying Imams put together a package of Taqiyya and wrapped it in a pretty pink bow to sucker you,not_cyberbullying
Lollerskates @Belfastscouse1 @YesYoureSexist why yes. And I can SEE you're a hysterical clown with a twitchy knee just waiting to jerk.,not_cyberbullying
#mkr the way kat looks at Annie is like she's stearing into her soul it's just creepy,not_cyberbullying
#Itreallymakesmemad when the rich bully the poor!,not_cyberbullying
"So, just to save you all some time, BSD is my family. The only negative response GG ever received was from a non-dev.",not_cyberbullying
"@mcmahoniel unfortunately, no. text filters are too high-risk.",not_cyberbullying
Retail News: Bad call: Telstra accused of bullying http://goo.gl/fb/cKweg,not_cyberbullying
Promo looks promising. Pls say their absence means the #FauxFoodies R the 1st couple eliminated in the next round! UGH. #CantStandThem #mkr,not_cyberbullying
"Uh. This is what /angry looks like with undead. It's supposed to be fist in air, not slapping my own butt. http://t.co/YGzCldXqWQ",not_cyberbullying
I'm so sick of Kat n Andre scraping through by their teeth. KICK THEM OFF THE SHOW! #MKR,not_cyberbullying
"I'm not sure who randomactor is, but I've been sent screenshots of their comments, and I like them. Keep rocking it, dude.",not_cyberbullying
"@vivian_games hey, if you toss me more info about that, i can pass it up the chain to enforcer type people. it would be appreciated.",not_cyberbullying
"@ClausCManterola thats why you were my first friend on twitter, do you remember? :)",not_cyberbullying
Reading about crack #wow,not_cyberbullying
@colinsines Hope ur health is better &amp; ur family are well,not_cyberbullying
"@JacksonMark13 please Ck us out www.hbhliveapparel.com Sending out a positive messg ""Live""Health Awareness,stop,gang,drug abuse,bullying ect",not_cyberbullying
"Things are coming together. If all goes well with my next 2 meetings, I'll have a major announcement to make during GDC.",not_cyberbullying
"RT @lasersushi: @freebsdgirl it also sends the message that protection from harassment is a service, not a basic right",not_cyberbullying
Best part of tonight's #MKR Drasco Vs Steve. War of the Chef wannabes. #gotoculinaryschoolthen #younongs,not_cyberbullying
"ELI best rap Album iceprince, not sentimental at all. Its worth it",not_cyberbullying
"rockin #oldschool hip hop. 90's all fun. I mean who in their right mind is gonna start a fight listening to ""I like big butts....",not_cyberbullying
"Oh. there goes @wadhwa using his position to shame @shanley publicly again over her sex life. SET YOURSELF ON FIRE YOU SEXIST SCUMBAG, thx.",not_cyberbullying
@CaliphateCop @BilalKareem Propaganda &amp; lies.  Daesh attacked unarmed civilians because that is the only kind of fight they can now win.,not_cyberbullying
"RT @TheQuinnspiracy: New Crash Override Guide: Account Security 101: Passwords, Multifactor, Social Engineering, and You http://t.co/mgJPHN‚Ä¶",not_cyberbullying
@victorlisboa76 LMAO TOO MANY RIGHTS,not_cyberbullying
"@m1sp hey, do you have a good way to consume multiple json dumps into a single corpus? i've been just hacking it together.",not_cyberbullying
"Time to catch up on #mkr. There are so many nice people, and then there's Cat and Andre http://t.co/2NcqcytzKa",not_cyberbullying
"just watched ""Cyberbully"" i have HUGE respect for @EmilyOsment now! she did a SPECTACULAR job! it really changed my perspective of bullying!",not_cyberbullying
College football is all about money but the players Tht make college athletics so successful get nothing. Players need to get paid,not_cyberbullying
I thought high. I said high. Because I am.,not_cyberbullying
"Photoset: ‚Ä∫ ‚Äú‚Ä¶he‚Äôs sensitive, people bully him, too, and he feels lonely and hasn‚Äôt got anybody to talk to,... http://tumblr.com/xju3y5jrzr",not_cyberbullying
"RT @femfreq: Aaaand another email reads: ""Social justice warriors are all literally silencing reddit, SA, GB, 4chan and most other outlets ‚Ä¶",not_cyberbullying
A bunch of people poked me about some article that was written. Eh. I don't really care that much.,not_cyberbullying
@cuntcake__ lol. U went to Mt. Pleasant Freedom School?,not_cyberbullying
It's a cutie on my TL lol,not_cyberbullying
@waffle_gurl And you know it's not true because you don't like it. You are calling the Muslima in the video a liar. Bye.,not_cyberbullying
Made the Director's List. LOL,not_cyberbullying
@carriehfletcher HAPPY HAPPY BIRTHDAY CARRIE!! Xx,not_cyberbullying
@RickKMV hope the weekend was great rick!,not_cyberbullying
"Let's pray for a whole world against violence, racism, bullying and homophobia! @KChenoweth @DarrenCriss @chriscolfer @monicahuarte @ziLRc",not_cyberbullying
@channelbianca Hope you feel better soon!,not_cyberbullying
Titanium by @davidguetta and @siamusic would make an awesome anti bullying song haha :) #fb,not_cyberbullying
"@HilzFuld i disagree again- naked women is not a form of protest against bullying, its cheap.",not_cyberbullying
Be happy ... You talk to your husband when you get home.... I can do this üòîüò¢üòêüòäüòçüòò‚ù§,not_cyberbullying
Out of Pravana blue. Guess I'm stuck with mixing some clear with Special FX Turquoise to layer over existing hair. hmm. This might be good.,not_cyberbullying
"The sorbet is looking awesome. The sorbet churner, not so much. #MKR",not_cyberbullying
Colin's had two strikes now for his dad jokes. Where's Manu? lol #MKR,not_cyberbullying
@FunkyreFresh @SuperSpacedad the claims she has made are... not something someone in their right mind would do.,not_cyberbullying
"i've got a hunger and i can't seem to get full, i need some meaning i can memorise, the kind i have always seems to slip my mind.",not_cyberbullying
@ebuchholz got 'em! They're only $1 a bag. Must not be very popular here.,not_cyberbullying
Maybe your better off with the person you didnt think you neededd,not_cyberbullying
Gotta love this movie.......,not_cyberbullying
"But all of these attacks of ""not enough commits"" or ""had a dude do it for you"" or ""slept with people"" proves my point. Thanks for that.",not_cyberbullying
@MaxMayo77: http://t.co/PrrskknqRv love frat boy w/ soft long soles,not_cyberbullying
Entree worth a 3 max. My kids cook better than this and they know how to open cans! #MKR,not_cyberbullying
"Another round of instant restaurants, get to the good stuff already #MKR",not_cyberbullying
"Okay. Hey, tech industry contacts. I need to talk to someone from Salesforce, Atlassian, and uh. Yeah, that should be good for now.",not_cyberbullying
"Bullying  in Schools in the top 5 list of Parental concerns for #kids, students..http://t.co/e2SQgNG #educate #parents #family #moms",not_cyberbullying
"@xmjEE also, mentioning both of us in the same tweet is pretty much a sure-fire way to make sure that they do notice &amp; jump on me.",not_cyberbullying
"The #GOP #TeaParty doesn't care about grades, just like when they were in elementary school. Their only AAA is in bullying. #downgrade #p2b",not_cyberbullying
@KennWoo lets go win win; i happy you happy. you no bully me. (: yay.,not_cyberbullying
RT @ISCOSEU: EU Convinces New Greek Govt to Extend Russia Sanctions: EU Convinces New Greek Govt to Extend Russia Sanctions... http://t.co/‚Ä¶,not_cyberbullying
Pretty? Er......no. #MKR,not_cyberbullying
@1Slug_ getting through this school.. its good to have a break from it every once in a while tho.,not_cyberbullying
If Ash wins her hair will stand on end! Oh wait... #MKR,not_cyberbullying
Oh that just made this Applebee's seem sooooo much classier,not_cyberbullying
Did Celine just make an elephant joke? Girl your making it too easy #mkr,not_cyberbullying
TIL I can go swimming in my car. I am fine. My car is fine. Fuck this weather.,not_cyberbullying
@austin_michals_ I'm pretty sure that it's the first year if high school. I know people that fucked up &amp; graduated with honors.,not_cyberbullying
#mkr Kat &amp; Andre are the real losers,not_cyberbullying
Should I audition for the Music Theatre program or just see how i like straight theatre for the first year of college?,not_cyberbullying
@bellathorne143 I love how much confidence you have. I don't have any because i feel like such a loser when ever i get bullied in school.,not_cyberbullying
@ashleylynch o_O   that's appreciated greatly. going to be releasing some financial info soon.,not_cyberbullying
My new avatar is brilliant :-D,not_cyberbullying
#YesAllWomen see fire when men make excuses for the murderer of seven innocent women. http://t.co/7ursuKNAQo,not_cyberbullying
@almafeta I think women in general have issues talking about money for activism. Lots of articles on this.,not_cyberbullying
"RT @shanley: This has the nice bonus effect of ""proving"" to your ""community"" that you deserve harassment and aren't worth supporting = more‚Ä¶",not_cyberbullying
RT @nrrrdcore: New life mantra http://t.co/6Yu4l8vmwa,not_cyberbullying
It's Nikki's hot pot but she has Katie make the sausages #MKR,not_cyberbullying
"Pretty much how I'm feeling at the end of #mkr. Hope that mole from WA goes ASAP! @LynneMcGranger, surely you agree? http://t.co/Izb3n6KHU5",not_cyberbullying
"@MadamPlumpette I'm decent at editing, no worries ^.^",not_cyberbullying
@a_man_in_black i can't process all of this right now. i'm just watching it scrollllllllll.,not_cyberbullying
@MillerMENA Why is anyone surprised that Putin had Nemtsov shot. Putin bombed Russian apartment buildings to start the Chechen war.,not_cyberbullying
#mkr kat and andre didn't vote fairly they don't deserve to win.,not_cyberbullying
Manvel High School wishes everyone a happy holiday season.   Be safe!,not_cyberbullying
@j_gillis97 I'm watching it right now too #highschoolquizzical,not_cyberbullying
@tabitharavin 's tweet really made me want pop tarts:(,not_cyberbullying
Had a nice run in with Bill Bennett on campus. He was unaware that his ministry is responsible for local governance here.,not_cyberbullying
@haideralijutt6 There is no such thing as the devil and Ezidis are not devil worshipers.  That is pure Islamolunatic propaganda.,not_cyberbullying
@gwallace17 Stafford need to perform tonight to keep the streak alive !,not_cyberbullying
Shabazz  is the first time I've seen a college players profile pic w\diamond studs! Looking like KG's picture..,not_cyberbullying
@0xabad1dea i was lucky enough to find mine on a swap &amp; sell for normal price. i usally see them on ebay for &gt;$400+,not_cyberbullying
@Elliot_Anderdon oh well you should watch it :) ok see ya,not_cyberbullying
"Time to learn the art of writing to apply for grants. Seems like different orgs prefer drastically different styles, high level vs detailed.",not_cyberbullying
@Hi_Im_Dora Then that's not sexy! Unless its lingerie haha,not_cyberbullying
I wasn't born perfect. I'm going 2 make mistakes but I will learn from them,not_cyberbullying
I will not enjoy the feels of school. #ihatemyratchetassschool,not_cyberbullying
@JihadiA8 They are so happy about it.  Look at all the smiles. LOL.,not_cyberbullying
#MKR the blonds talk about themselves too much they need to work harder in their cooking.,not_cyberbullying
the acacia strain gave such an intense anti bullying speech on this video i just watched.,not_cyberbullying
"You know who I miss? That little Asian I met in math class .... Alyssa, the Asian with the Mexican last name lol she was a fun child",not_cyberbullying
"@Colonel_Shami ISIS loves killing women and children, so what is your objection exactly? What was ISIS doing when they shelled Kobane?",not_cyberbullying
Thanks for making #mkr an unbearable watch @Channel7. #stopdraggingitout!!,not_cyberbullying
"RT @EvangelicalNorm: @Creflo_Dollar I'm sure all the Christians in Mosul agree with you! Wait, they were all killed or driven out. #StillAF‚Ä¶",not_cyberbullying
"@jessimckenzi @zeynep @twitter @delbius @TweetDeck confirmed, seeing the same thing in *web*.",not_cyberbullying
@KirinDave nope. I play WoW. GW sux.,not_cyberbullying
@Kaya786 @fai3an_H Old enough not to be fooled by religious frauds.,not_cyberbullying
Kats the kind of person that would cheat to win and then still think that made her a better cook. So my new baddie #MKR,not_cyberbullying
First bus ride as a Warrior and I get my phone! #eatshitsunshine!,not_cyberbullying
Can't bully a real nigga,not_cyberbullying
@CryptoNari @iraqhurr_eng Good. The A10 Warthogs will have a feast.,not_cyberbullying
RT @PeterTownsend7: #Muslim #ISIS Apparently Questioning #Islam is not welcome in the Middle East. http://t.co/gtvyXHLF8y http://t.co/FrA45‚Ä¶,not_cyberbullying
Way too many teams #MKR,not_cyberbullying
i live in the jungle of west-flanders,not_cyberbullying
Loving the look of the fritters! #mkr,not_cyberbullying
RT @KateFoxy:I really hope Katie and Nikki butcher this menu. #MKR,not_cyberbullying
@Taste_SweetTay good morning my Lil hunni,not_cyberbullying
Confessions of a Cheating Teacher: ‚ÄúIt‚Äôs easy to lose your moral compass when you‚Äôre being bullied‚Äù: http://t.co/MwFdf7A,not_cyberbullying
"@Daniela_OMx you wait till I'm back at sixthform, ima bully the kixx love outta you!!! :p xxx",not_cyberbullying
@Spacekatgal twitter allows 13 yr olds. 13 yr olds don't generally have bank accts. *lots* of people don't have bank accts/work in cash.,not_cyberbullying
"@BillieRaePhoto @BreezerV yeah, maybe its that aswell ;) lol",not_cyberbullying
"@girlziplocked if he really wanted to ally, he'd get his dudebros to change - not tell women how to ""fit in"" with dudebros.",not_cyberbullying
Life is better after having sex. Or when you know you're about to have sex. Or when you know someone is dying to have sex with you.,not_cyberbullying
@sartoni83 I laid the bike down intentionally vs having a worse accident. I was bruised but fine.,not_cyberbullying
Good morning beautiful ppl,not_cyberbullying
@UMTony lmao! I really wanted to take it down!,not_cyberbullying
"oh, look. threats. no, i really don't care. @hyperion5182 @PolitiBunny",not_cyberbullying
Vicky and Celine will win this shit go girls!!!!!! I love YALL beat satan!!! #MKR,not_cyberbullying
Ash and Camilla is the people's choice! Their dish were great #MKR,not_cyberbullying
@TVWEEKmag #katandandre  that was priceless #mkr #tvweekmag,not_cyberbullying
#RobandDave &amp; #AshandCamilla are the strongest contenders so far. Will the campers agree with the judges? #MKR #tvweekmag,not_cyberbullying
"RT @awizardsbeard: @freebsdgirl Thanks bud, just go ahead compare me to misogynist assholes. Good thing you're in tech not social policy ma‚Ä¶",not_cyberbullying
Someone today said that Pete Evans of #mkr has never been filmed putting food into his mouth. Is this true?,not_cyberbullying
Lol every time my phone rings i keep thinking its my school,not_cyberbullying
#MKR Mighty Killer Rats eat out the kitchen #ausmedia #ozRant,not_cyberbullying
"Karl to Ricky; ""It did feel like bullying when you hit me on the head with your mobile phone to see what sound it made"" #AnIdiotAbroad2",not_cyberbullying
"@josiexhall beaut, happy birthday too xx",not_cyberbullying
"I don't care what BS cernovich has done, have some goddamn ethics. For real, though.",not_cyberbullying
This is the opportunity to prove ourselves like we didn't the first time. Er. Yeah. That's the spirit. #MKR,not_cyberbullying
"Let's be honest, I feel like there's going to be a mines bigger than yours contest between drasko and Steve... @mykitchenrules #mkr",not_cyberbullying
@tiny_m @sep332 @holman ruby's implementation of threading definitely does not get me hot.,not_cyberbullying
@LizzleP I know exactly how u feel woke up this morning thinking Damn I'm still in mky,not_cyberbullying
@GemmaNoon @OaklandElle scrubbing bubbles works amazingly well,not_cyberbullying
"When nobody strategically scores you,  yet your bottom of the comp table Hahaha #mkr #mkr2015",not_cyberbullying
@lukewilliamss Jedward‚Äôs New Anti-Bullying Campaign:,not_cyberbullying
I'm Only Human After All by Alex I. Rogers http://ow.ly/5WKXw  A compelling story about the reality of #bullying in #schools. #Readinglist,not_cyberbullying
Round 2 of #MKR you guys did an amazing job zeebie05 !! Starting to get anxious about our turn #MKR‚Ä¶ https://t.co/w2sCY5Whyr,not_cyberbullying
"@vex0rian @m1sp oh i just saw the latest version has consume-all (but help docs are bugged, btw.)",not_cyberbullying
I wont be bringing back my love ..i wont be comin back....,not_cyberbullying
@warriorsialkot LOL. McCain thought he was talking to moderate FSA people. He had no way of vetting the people in the room.,not_cyberbullying
".@larryemdur: ‚ÄúI just want to reach over and touch her hair‚Ä¶‚Äù So do we, Laz! Full video: https://t.co/5CzdotonBV #MKR http://t.co/IGSqq5JZ8j",not_cyberbullying
"Are you listening?  Especially when children are being bullied and harrassed at school, a sympathetic ear is so... http://fb.me/1a5Bo185z",not_cyberbullying
@funjon that's... actually kind of interesting. i'll give them a call later next week. i need to talk to them anyways.,not_cyberbullying
I've never heard silence quite this loud.,not_cyberbullying
I think today is going to be a smooth day. #IHope,not_cyberbullying
@wetsprocket the only thing that's really concerning is that she's stalkerish in her obsession. reminds me of dude that showed up at my work,not_cyberbullying
Ima Get Called A Pump Faker AGAIN ... LOL,not_cyberbullying
@Arlethcantakeit briliante ;p i dont think i spelled it right,not_cyberbullying
"Few things I enjoy more than reading about a bully or thug getting what they deserve.  ""Armed Robber Picks On Wrong 63 Year Old"" ~...",not_cyberbullying
"@jamuraa yupppp. jason doesn't have a lot of experience on twitter, it seems. or a very healthy world view.",not_cyberbullying
"Not sure if I'm speaking there this year or not, but they were the first conference at which I ever presented. üëç",not_cyberbullying
@SantaCruzTax soon. We've been working on it. Gotta move fast.,not_cyberbullying
@LifeInKhilafah Daesh have so many fronts to fight that they don't have the concentrated manpower to succeed any more.,not_cyberbullying
"@MOMmagRocks Thats the problem, the legal system protects the bully factor. And the bullies get very pissed when you infringe on their power",not_cyberbullying
RT @Jason_Gio: @mcfartle @freebsdgirl lol even their promoted tweet has a slur in it. Oh gamergate...,not_cyberbullying
"I'm pretty sure commercials are the purest, most vile distillations of the kyriarchy",not_cyberbullying
"@Quinnae_Moon this is like vegan powers, right?",not_cyberbullying
RT @randi_ebooks: Get awards for being so reasonable.,not_cyberbullying
"@deathofrats01 yup. ^.^ unless it's your field, it's not surprising that you wouldn't know.",not_cyberbullying
Let's not forget that Joan Rivers was a privileged asshole who whined constantly about her lack of rights to tell oppressive jokes.,not_cyberbullying
"@sakjur i usually go with thin crust, garlic pesto sauce, feta + garlic toppings. is good even with chain restaurants.",not_cyberbullying
We got Our legs back just in time to go the Mall n Mermaid Shop haha I need a New Seashell Bra hahaha üêö http://t.co/ZxtVFdD8,not_cyberbullying
"@cortanav yo, you're enforcing at PAX this year, right? can you find a person? https://t.co/uKxe6fVVfc",not_cyberbullying
RT @AngryBlackLady: States should not let unvaccinated crumb-snatchers into schools. And the best part? It's legal if they don't. http://t.‚Ä¶,not_cyberbullying
Good morning! Got me a new number.,not_cyberbullying
@Mike_Judson Good luck this weekend...it's a great thing you're doing!  If I see you around town I'll buy you a coffee.  :0),not_cyberbullying
I hope this instant restaurant round is a good one. Getting a bit over them... #MKR #MKR2015,not_cyberbullying
@kimberly_abraha @tom_dodsworth @pinkdevil_1310 -.- judging people good Kim good,not_cyberbullying
"Doesn't anyone have a gif of Manu saying ""no you get out"" cos that would be awesome",not_cyberbullying
@sudixitca The best you can say is that Sisi is a mixed bag.,not_cyberbullying
@jaymgates on behalf of engineers I'm offend- okay no I'm not.,not_cyberbullying
RT @Noaaammmyyy: @YesYouresexist @EverydaySexism excellent short film by Eleonore Pourriat - everyday sexism to a man http://t.co/MpxBuaZc9‚Ä¶,not_cyberbullying
@GooseNetworkUSA @06JAnk @PatrickOsgood Give me evidence that he get's a penny from CIA. You sound a nutty as Erdogan.,not_cyberbullying
@RyanGebble Yeah male Shepard is just so DIFFERENT and INTERESTING like all the other white male protags in every game ever,not_cyberbullying
I get my goodnight text when wakes up after passing out in the middle of our conversation. #classic,not_cyberbullying
@greenlinerzjm @versacezaynx @nyazpolitics I got them directly off that Muslim students website.,not_cyberbullying
@lucaswj at this point i'd be happy with just wrecking faces in random bgs. haven't done arenas in months.,not_cyberbullying
"She wants the attention. She's admitted she's a ""sellout"". But a lot of good women are helping her write this book.",not_cyberbullying
@LifeInKhilafah Jews do well because most are secular and because they place a high value on education instead of Jihad.,not_cyberbullying
One more time!! Good luck for ya @Louis_Tomlinson and hv fun!! Big love!! &lt;3 :) xx,not_cyberbullying
@mykitchenrules bring back that complete lowlife deadbeat bankrupt asshole Adam so we can send Twitter into meltdown #mkr,not_cyberbullying
@mykitchenrules: Only 5 more episodes &amp; I'm up to date on the #MKR recordings lol! :‚Ä¢) http://t.co/DBSapQDJZl,not_cyberbullying
@MellyASK better be alone then suffer coz of others.... ;p,not_cyberbullying
Omg that dessert is so deconstructed lol it looks so easy! #MKR,not_cyberbullying
@ShinoGraphy Thanks for the correction. The sentence had withered from lack of use. :) @starkjunk,not_cyberbullying
RT @CurlsGoddess: First graders asked about the photo of Mike Brown. Such innocence http://t.co/So0hl69kOG,not_cyberbullying
RT @ohmyloz: De-constructed is code word for 'fell on the floor' right? #MKR,not_cyberbullying
@bellathorne143   Bullying Needs To Stop Ur Such A Awesome And Amazing Person For Standing Agents It :). Love u bella&lt;3,not_cyberbullying
"If you want to win, you win by cooking good food not by sabotaging other people, that's not a win that's cheating, Kat &amp; Andre suck #MKR",not_cyberbullying
@seanbonner ideas and observations that are completely dismissive of those in a low income bracket.,not_cyberbullying
@obsurfer84 Kybar was attacked by Mohammed.  The whole excuse for the attack is a fabrication for which no evidence exists.,not_cyberbullying
Linda Harvey: ‚ÄòThere‚Äôs No Proof‚Äô that LGBT people exist http://t.co/2nQRh3a via @lgbtqnation #lgbt #glbt #gay #glsen #lesbian #school #bully,not_cyberbullying
"@voretaq7 i didn't read much content, just enough to see that he's getting a lot of notifications. i ignore FYGM girls.",not_cyberbullying
Can tomatoes are fine #MKR,not_cyberbullying
"It seems to me that if she had really wanted this book published, it would've been published by now. This whole story seems so bunk.",not_cyberbullying
@EndBullying2day Victims of bullying have no summer vacation. Thanks for spreading the word. Read the post http://t.co/FzmS2Z4,not_cyberbullying
Help me! Help me! im in love with marilyn manson...,not_cyberbullying
good thing I gotta gym class next semester . üëå,not_cyberbullying
@glitchDreams @FLOSSWeekly i've been told i'm pretty good at drumming up suspense. :),not_cyberbullying
"@TVWEEKmag: There is only 1 way to stay in the comp Cook some good food."" -Ouch @manufeildel, ouch #mkr http://t.co/ngQhGsOtev"" @biljanab",not_cyberbullying
"Be safe, kids, NYE is another prime night for rapists. Watch out for each other, don't get separated. Have a plan.",not_cyberbullying
"I feel like if I were on #MKR and had botched the first two courses, I'd just serve Jell-O shots for dessert.",not_cyberbullying
"OK, amazing and awesome folks that have emailed us. We're regrouping and discussing each email, will have responses out Soon‚Ñ¢ :)",not_cyberbullying
Katie and Nikki better not get a point for every time they said 'we're pretty' #MKR,not_cyberbullying
Totally rocked nice guys with Fatin at school just now! hahahaha :D,not_cyberbullying
@PoliticalAnt @Lithobolos @ZaibatsuNews At last we have a point of complete agreement.,not_cyberbullying
"Motion to replace ""he's just not that into you"" with ""you deserve better,"" ""dump his ass,"" or ""wow, he's a shitty fuckwad""",not_cyberbullying
"Don't celebrate too quick, your food was so shit Kat and Andre #MKR",not_cyberbullying
@Louis_Tomlinson Good luck and have fun! XOXOXXXXOX,not_cyberbullying
"Been giving her the silent treatment, it was so hard lol",not_cyberbullying
sigh. I need to work on building out my legal contacts to encompass more states.,not_cyberbullying
@WVTVW Thanks for parading your racism.,not_cyberbullying
"@KimberleyNixon1 YOU DONT KNOW ALL THE GOOD LUCK THAT YOU HAVE, I love Rupert, now you understand, yeah?",not_cyberbullying
"RT @Awkward_Duck: Too many asking protests not be disruptive. That's the entire point! We're here to interrupt the status quo, not plan aro‚Ä¶",not_cyberbullying
I'm not important. The things I'm working on are. The people helping me push this are. I don't want the message being warped to be about me.,not_cyberbullying
I love the sound of giving back !,not_cyberbullying
"RT @ThatSabineGirl: These abusers on 8chan have been doing this for years, it always used to work. Now ppl are shining light on it, victims‚Ä¶",not_cyberbullying
@KirinDave holy crap. i've got 2 of them so far. just ordered a third. i've been pretty happy so far.,not_cyberbullying
"I'm glad God doesn't see race, wealth, status, class etc...",not_cyberbullying
RT @g56yu: @PierceCotwa is now on twitter. If u care abt presumptively innocent? @instapundit @avfmnews @MT8_9 @AsheSchow @ScottGreenfield,not_cyberbullying
Ready To Go Back To School And Get Away From These People,not_cyberbullying
‚Äú@mykitchenrules: Do you prefer a sweet or savoury breakfast? #mkr #hungrycampers‚Äù Pancakes all the way!!!,not_cyberbullying
Shame the razor blades weren't near your throat #MKR,not_cyberbullying
"@ryanlochte Goooooddd Monday Morning,Sir Lochte! SMILE and have a GREat and blessed Day! Be safe always! IÓÄ¢U!",not_cyberbullying
"@BasicMountain i have some pretty fantastic wonderwoman stuff. but i prefer marvel, hands down. DC chars seem to emo.",not_cyberbullying
@Monte_Lin twitter's UI bugs out all the time. it wasn't a surprising bug. I'd be willing to bet it's not replicatable.,not_cyberbullying
@TheDebbyRyan Hello I love so much ! Please follow :),not_cyberbullying
@Dabiq_Warrior @Totenleserin LOL. When the coalition entered you tried to convince the world that they didn't effect you. Make up your mind.,not_cyberbullying
"Some ppl disguise laziness To do whats ""Right"" by distracting You!!",not_cyberbullying
"Given that my friend is quite fit and these gaters were not, they quickly departed at the next stop, instead of ""debating"" further.",not_cyberbullying
"Talking to my dad about school, really helped.",not_cyberbullying
Yeah That Loud Knocked me Back,not_cyberbullying
RT @dearsarah: @MadcapOcelot @freebsdgirl also (the awesome) @ellenchisa counted the # of women he follows &amp; wrote about it here http://t.c‚Ä¶,not_cyberbullying
"RT @ryangiglio: @XenoPhage @freebsdgirl I'd assume it‚Äôs @onthemedia, since @tldr did the original piece that got retracted.",not_cyberbullying
"RT @sarahkendzior: ""When I was seven years old, Woody Allen took me by the hand, led me into an attic and sexually assaulted me."" http://t.‚Ä¶",not_cyberbullying
@NerdieJoseph Make sure he's the bully in the neopet playground. B),not_cyberbullying
@denise1D they still look the same lor. üë≥ This best,not_cyberbullying
"I watched a movie where she played on Monday, with my class... It was awesome tbh. It was an Hitchcock.",not_cyberbullying
My daughter thinks those blueberry pancakes look amazing! #mkr,not_cyberbullying
"RT @LahavHarkov: Ignoring the crazies is the best policy but if you really can't, here's a great takedown of Max Blumenthal http://t.co/4V9‚Ä¶",not_cyberbullying
RT @Nodonn3: #MKR because 5+ minute add breaks are just the best!,not_cyberbullying
"Gotta love the holiday season. Classic cartoons like Johnny bravo, Ed edd and  eddy, and camp lazlo are on #theoldtimes",not_cyberbullying
"Got my old school polo on, like wass good?",not_cyberbullying
not but really mostly anything in high school is lust..just gotta learn,not_cyberbullying
I really need to learn to stop procrastinating #somuchwork,not_cyberbullying
@cspanwj  oh please the bullying issue is all about special treatment for the gay population,not_cyberbullying
@PiecesOf_ME_ lol Naw I was just lookin in my tl ans seen all this bs,not_cyberbullying
High quality food &amp; they have frozen beef cheeks?! #mkr,not_cyberbullying
"@TheNamesBreeyah , Me &amp; Jackie Song Together In The Talent Show In Front Of The Whole Middle &amp; Highschool .. lol : We Killed It !",not_cyberbullying
I still refuse to believe that his real name is Drasko!,not_cyberbullying
"*sees Mother Jones article titled ""Feminism needs men""* *laughs* *closes tab* *smashes window*",not_cyberbullying
Big S/O to 1 of the realest my main man @1JJReal it's never a dull moment with him!!! Happy Soul Day Hope it's a great one!!!! Mwuah,not_cyberbullying
@cooperq btw... relevant to this: https://t.co/ejzq0I1iew and this thread (tweets above): https://t.co/uLFq1dERTY,not_cyberbullying
